{
  "$schema": "https://schema.management.azure.com/schemas/2019-04-01/deploymentParameters.json#",
  "contentVersion": "1.0.0.0",
  "parameters": {
    "azureBotId": {
      "value": "CodeOfferBot"
    },
    "azureBotSku": {
      "value": "F0"
    },
    "azureBotRegion": {
      "value": "westeurope"
    },
    "botEndpoint": {
      "value": "https://codeofferbotappservice.azurewebsites.net/api/messages"
    },
    "appType": {
      "value": "MultiTenant"
    },
    "appId": {
      "value": "f100c311-60bd-44fc-a4fd-46f77eb3cd00"
    },
    "UMSIName": {
      "value": ""
    },
    "UMSIResourceGroupName": {
      "value": ""
    },
    "tenantId": {
      "value": ""
    }
  }
}