{
  "$schema": "https://schema.management.azure.com/schemas/2019-04-01/deploymentParameters.json#",
  "contentVersion": "1.0.0.0",
  "parameters": {
    "appServiceName": {
      "value": "codeofferbotappservice"
    },
    "existingAppServicePlanName": {
      "value": ""
    },
    "existingAppServicePlanLocation": {
      "value": ""
    },
    "newAppServicePlanName": {
      "value": "CodeOfferBotServicePlan"
    },
    "newAppServicePlanLocation": {
      "value": "westeurope"
    },
    "newAppServicePlanSku": {
      "value": {
          "name": "S1",
          "tier": "Standard",
          "size": "S1"
      }
    },
    "appType": {
      "value": "MultiTenant"
    },
    "appId": {
      "value": "f100c311-60bd-44fc-a4fd-46f77eb3cd00"
    },
    "appSecret": {
      "value": "SB28Q~ojFxBCUlbgxf1Eq3YcNvVlfZyu._UCbaDS"
    },
    "UMSIName": {
      "value": ""
    },
    "UMSIResourceGroupName": {
      "value": ""
    },
    "tenantId": {
      "value": ""
    }
  }
}