{
  "$schema": "https://schema.management.azure.com/schemas/2019-04-01/deploymentParameters.json#",
  "contentVersion": "1.0.0.0",
  "parameters": {
    "groupName": {
      "value": "CodeOfferBot"
    },
    "groupLocation": {
      "value": "Italy North"
    },
    "appServiceName": {
      "value": "CodeOfferBot_2024"
    },
    "appServicePlanName": {
      "value": "S1"
    },
    "appServicePlanLocation": {
      "value": "Italy North"
    },
    "appServicePlanSku": {
      "value": {
        "name": "S1",
        "tier": "Standard",
        "size": "S1",
        "family": "S",
        "capacity": 1
      }
    },
    "appType": {
      "value": "MultiTenant"
    },
    "appId": {
      "value": "f100c311-60bd-44fc-a4fd-46f77eb3cd00"
    },
    "appSecret": {
      "value": "CodeOffer_Bot_2024"
    },
    "UMSIName": {
      "value": ""
    },
    "UMSIResourceGroupName": {
      "value": ""
    },
    "tenantId": {
      "value": ""
    }
  }
}